{"web":{"client_id":"18893678668-tfc26n8vbe16vtn1a45dbgllv7vupdb4.apps.googleusercontent.com","project_id":"single-crowbar-443718-d0","auth_uri":"https://accounts.google.com/o/oauth2/auth","token_uri":"https://oauth2.googleapis.com/token","auth_provider_x509_cert_url":"https://www.googleapis.com/oauth2/v1/certs","client_secret":"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","redirect_uris":["https://bookish-garbanzo-jj4gppwjrpj4f576j-5000.app.github.dev/oauth2callback","http://localhost:5000/oauth2callback","http://localhost:8080/oauth2callback","http://localhost:8080/","https://bookish-garbanzo-jj4gppwjrpj4f576j-5000.app.github.dev/","http://localhost","https://bookish-garbanzo-jj4gppwjrpj4f576j-8080.app.github.dev/","http://localhost:9500/","http://localhost:9500/oauth2callback","https://3b18-65-112-8-57.ngrok-free.app","https://3b18-65-112-8-57.ngrok-free.app/oauth2callback"],"javascript_origins":["https://bookish-garbanzo-jj4gppwjrpj4f576j-5000.app.github.dev","http://localhost:5000","http://localhost:8080","https://bookish-garbanzo-jj4gppwjrpj4f576j-8080.app.github.dev","http://localhost:9500"]}}